Object_Number,Cell_Diameter,Nucleus_Diameter,NC
27.0,28.8362387009884,16.1304396345093,0.5593808471961501
44.0,32.8866030842406,17.6754174537861,0.5374655876896035
47.0,27.0055431913029,16.8545671294465,0.6241150940772224
74.0,26.2945103374326,17.1170567146706,0.6509745378411907
75.0,25.3447566154834,14.0744155109376,0.555318629587446
80.0,26.4755625816098,16.4529826154006,0.6214403401130751
100.0,20.9640274246117,14.1308714756883,0.6740532813412895
101.0,21.1906721457169,14.9201697365731,0.704091386718415
102.0,28.0978726216038,17.8189765016647,0.6341752894119146
111.0,25.155566933995,16.1600277479739,0.6424036393366029
153.0,26.8458681540135,18.3212660536579,0.6824612990181449
161.0,25.1048755637239,15.7204884772002,0.6261926468146302
200.0,26.4334279776514,15.2683011205661,0.5776133588679815
204.0,23.4249037276502,12.0111413247687,0.5127509365424214
205.0,21.2282110097662,15.9816774069199,0.7528508831746307
227.0,20.5265091922088,12.7194119160614,0.6196578189188291
248.0,28.1205321999814,16.6262780266393,0.5912504752186126
265.0,26.9346933713077,16.6549852906524,0.6183469424008442
287.0,25.0350073368611,16.3169249007453,0.6517643346850771
290.0,23.5672232717148,13.5086667155986,0.5731972137681404
296.0,25.1365696497744,16.1797230968409,0.643672677786649
322.0,25.1682238238192,15.5882529673228,0.6193624578533063
323.0,23.1169830310661,14.9840679721373,0.6481844084931299
353.0,22.4459719337559,11.8778281915412,0.5291741532331888
364.0,23.9093297889216,12.9181647648464,0.540298071041374
426.0,25.0921867200709,16.021482393623,0.6385048291071274
432.0,21.5557343073406,14.7051704586027,0.6821929723635067
458.0,23.3840819068058,16.71225188469,0.7146849703697795
461.0,29.7922744656126,15.2683011205661,0.5124919595578165
527.0,22.0162071164898,11.0153338405077,0.5003284072603671
544.0,20.4254119231241,20.3551273685792,0.9965589651357127
560.0,22.7069393697478,13.5909299091776,0.5985364072132346
563.0,23.2611866109141,13.4614334705782,0.578707943655038
566.0,27.1584170715893,15.121587892221,0.5567919460239767
568.0,27.0820880001129,17.6844240365126,0.652993374677716
576.0,27.9330409563668,15.1531460230179,0.5424810727442131
582.0,28.3461317416217,16.6931848483795,0.5889052164344619
584.0,25.3824253357233,14.3433777080726,0.5650909051581327
600.0,24.2663038632733,17.0424722347613,0.7023101800251843
604.0,26.8577284895397,17.693426034569,0.6587834128064878
616.0,22.5944584830026,14.040432969171,0.6214104657446586
683.0,22.0523407484121,12.9427942719831,0.5869124924035585
710.0,28.222275161415,16.8356612714161,0.5965380599234438
711.0,21.5483458806258,13.0286308923822,0.6046232487894253
715.0,30.127119213458,20.5730019113233,0.6828731869634981
717.0,25.6755850720058,16.7503208449165,0.652383219231076
724.0,23.6346932731239,15.1110538694224,0.6393590005505118
761.0,22.0451187600906,20.1348953992528,0.9133493730913361
762.0,22.3891465971867,12.9550914664644,0.5786326607058917
764.0,23.2132182858111,13.9949945556068,0.6028890256962401
810.0,21.5557343073406,15.8113883008419,0.7335119312292452
819.0,24.8242228119343,14.5527811599861,0.5862331026528581
854.0,24.9521835711457,15.6290599820836,0.6263604120064583
884.0,23.3295416998184,16.8356612714161,0.7216456065893121
889.0,21.0322772874953,15.423945317978,0.7333464230784118
891.0,24.5663018119003,13.1865594572076,0.5367742999404097
895.0,24.9585643879157,17.5125069047573,0.7016632300067871
898.0,23.6009823826626,15.1321145818998,0.6411646064790899
941.0,22.2536048750827,16.1106840366072,0.72395839357453
990.0,24.3187432628693,16.7883034806368,0.6903442048450654
1034.0,25.4826030327524,16.4433015421203,0.6452755835416804
1060.0,25.9040365248402,15.3411315903142,0.5922293838492354
1089.0,29.0398364649464,19.8882226776021,0.684860009511724
1109.0,28.3966446389638,19.9681274697875,0.7031861589164199
1110.0,21.1605931069274,15.6799194070462,0.7409962153618946
1194.0,26.3005654924553,18.3646711513388,0.6982614558841701
1231.0,24.3318354539996,17.5488399456913,0.7212295997508347
1245.0,24.5727828308264,13.9036722455195,0.5658159412078241
1248.0,29.9255977596753,17.63934513567,0.5894400264725536
1249.0,23.0203454737865,20.1111560763203,0.8736252937307599
1255.0,27.2637506941145,18.2254109719244,0.6684850949674642
1266.0,24.4688805352775,12.6817989842809,0.5182827618941201
1299.0,25.4575955654599,16.3850949823191,0.6436230373833852
1302.0,22.9926601414922,15.6595954588969,0.6810693222328736
1305.0,24.7213773243985,15.5780345113133,0.6301442798633523
1307.0,24.4688805352775,13.7308059431023,0.5611538265228847
1383.0,31.2377364471875,19.5409092357025,0.6255545842362682
1384.0,23.4181050324765,15.278726728555,0.6524322402417396
1402.0,29.6261203394813,15.205597360275,0.5132496994556265
1421.0,23.0618111551968,15.0371090865741,0.6520350455296138
1506.0,26.601565970858,17.3021113545382,0.6504170233245913
1535.0,27.3803127933634,14.8881177774564,0.5437526550487425
1557.0,30.9869502016986,16.6645433891669,0.5377923054929558
1563.0,31.7684697269133,19.1457700172686,0.6026657935320339
1590.0,26.4635309688178,19.0540632107896,0.7200121266221489
1593.0,22.9441304263009,12.893488209812,0.5619514869490181
1625.0,21.8346420249265,15.3411315903142,0.7026051342083243
1626.0,24.1676733079752,14.6400549927616,0.6057701461865782
1636.0,22.3749177132601,13.4850707731907,0.6026869437467924
1643.0,21.6809523376515,14.4098338679497,0.6646310385049528
1660.0,20.6810784624358,18.4425428977414,0.8917592441438499
1682.0,28.1940500566826,18.4598031194862,0.6547410919103064
1684.0,21.0095519677443,14.1533908070674,0.6736645707055972
1701.0,25.5075859829024,15.8013141435268,0.6194750908266403
1708.0,23.4113043629466,15.205597360275,0.6494980853925044
1717.0,28.0127359569925,17.2005776824927,0.6140270521558646
1732.0,23.089413572204,16.9581725971401,0.734456617709644
1736.0,24.3841339247706,15.0476948739369,0.61711008151291
1762.0,23.6683561491403,15.5882529673228,0.6586115600550065
1768.0,24.2268998255913,13.198629537041,0.5447923437194823
1779.0,25.5761632655982,15.2995566315178,0.5981959245660907
1811.0,24.7020461258283,17.1449422450467,0.6940697202860479
1845.0,21.0398469394544,13.5557353833512,0.6442886881430291
1851.0,21.7981475283747,13.0774274335687,0.5999329721273692
1865.0,27.611960853326,20.0,0.7243237851248402
1867.0,33.3815998746478,17.384743292987,0.5207881994352862
1876.0,22.1532013761034,15.1741483144875,0.6849641303245595
1894.0,28.8583185194616,15.7407338023658,0.5454487513453181
1921.0,23.5131078770591,14.9094934062353,0.6340928423495203
1931.0,22.2822084921272,14.4429472793696,0.6481829341320728
1937.0,27.8130702904388,16.4336147657025,0.5908594266686129
1950.0,20.7809319752017,11.5378082454286,0.5552112994353139
1965.0,21.0625395726253,20.1507060773069,0.9567082833399873
1973.0,24.0090216589329,14.0177321734517,0.5838527022293806
2027.0,24.6955990302922,13.0530519651573,0.5285578191136858
2064.0,20.6271109709132,12.893488209812,0.6250748458178863
2130.0,23.3158867137497,13.8347849237113,0.5933630186817102
2132.0,23.742246471552,12.4024858819091,0.522380470473583
2148.0,21.629479764998,16.0909041837999,0.7439339437945741
2154.0,28.3742055642316,18.120263492692,0.6386174742997678
2201.0,24.4623719886707,15.7912335593151,0.6455315766855528
2202.0,30.9097721236966,19.2866410318903,0.6239658110292062
2205.0,26.8755091790011,15.608669810346,0.5807767103643072
2210.0,24.7342563965535,16.6358526188677,0.6725834952202467
2219.0,25.5387803029639,14.0630971210805,0.5506565683345657
2222.0,24.0950876405886,13.0286308923822,0.540717306644498
2233.0,22.5662506586674,21.2357108195779,0.9410385066081655
2258.0,22.7069393697478,15.7609531219435,0.694102928858023
2265.0,22.8188658119258,16.2092212491281,0.7103429847357572
2278.0,22.7069393697478,14.1871027821158,0.6247915032096804
2290.0,25.5075859829024,14.2989020112075,0.560574490302296
2338.0,27.5542314135199,16.9769420246861,0.616128309656139
2345.0,24.357998725487,16.1993944999684,0.6650544111827281
2346.0,22.2964965400796,13.949408133005,0.6256322874730526
2347.0,24.0222826495374,16.0611887305856,0.6685954438594907
2348.0,22.2177985689043,14.0063679784962,0.6304120516287021
2354.0,27.5773376913024,17.2005776824927,0.6237214728642054
2373.0,21.7689078807016,15.931781320711,0.7318594670904329
2391.0,22.5097289652535,15.1741483144875,0.6741151054244429
2396.0,24.9776970579449,14.2654542413964,0.5711276827604428
2407.0,28.5978040224151,15.710356031109,0.5493553287796205
2427.0,25.5138278980779,17.6303155240542,0.6910102080520184
2429.0,21.9582696289016,12.8439928708421,0.5849273684997821
2455.0,27.4442109264558,15.4651858870915,0.5635135923031147
2469.0,28.058174325797,16.9487800887502,0.6040585496386806
2470.0,24.8498676770497,16.4142240630606,0.6605356727199031
2497.0,22.9441304263009,15.931781320711,0.6943728537407706
2510.0,22.1316270797574,13.707592391517,0.619366680186591
2531.0,28.4190659962975,19.767759893579,0.6955809137483402
2540.0,20.7732679764254,16.7693229166476,0.8072549266527689
2543.0,26.7210168005168,14.9094934062353,0.5579687897934685
2554.0,26.6673301403663,19.1124730007349,0.7166999058448816
2558.0,28.3348944243351,18.5114872237665,0.6533106122275903
2575.0,21.4594863438091,14.8774184460152,0.6932793361248007
2577.0,24.1676733079752,15.5165824591046,0.6420387375057827
2601.0,29.2529055663952,19.8802145344638,0.6795979458977761
2619.0,27.310435232919,18.3993215050755,0.6737102996768659
2623.0,22.1028285938052,15.121587892221,0.6841471817982226
2637.0,26.5656259869109,18.2254109719244,0.6860523814083738
2663.0,24.2466098490485,16.559100871003,0.6829449961909962
2774.0,24.2859819072125,13.3067675899997,0.547919686378743
2776.0,20.8726804653575,14.4208801201414,0.6908973739178258
2801.0,24.3971910255321,17.0144187635039,0.6973925295620306
2808.0,23.2817142100944,14.1983223194819,0.6098486645509051
2830.0,23.6414296829153,11.4963300707461,0.4862789697974158
2908.0,26.3187225988586,15.8716989646817,0.6030573446360968
2911.0,23.7221173908061,14.7268116336062,0.6208051073600125
2986.0,25.1302340303544,15.2474285187084,0.6067364315147753
2992.0,25.3635979685617,13.8117461318325,0.5445499549769014
3000.0,22.7069393697478,14.1195983414841,0.6218186481043536
3004.0,26.529637314727,16.7312971921631,0.6306643771143945
3024.0,25.947030805919,14.7376203041502,0.567988700302012
3081.0,29.8936543976879,16.9487800887502,0.5669691588480092
3118.0,30.9818109778135,18.6997734922758,0.603572641562721
3139.0,24.2531762973338,15.9117790763885,0.6560699052906203
3154.0,28.3180300873044,18.2864677961218,0.6457535266310784
3171.0,23.835957422391,16.0909041837999,0.6750685067378263
3172.0,25.6693824906683,14.0517696145134,0.5474136208621964
3175.0,23.3227152061244,12.9796509036113,0.5565240062702016
3178.0,24.2531762973338,15.4342657910752,0.6363812146441173
3217.0,24.4298032457121,14.3322717228935,0.5866715985692226
3233.0,23.742246471552,13.2227366430407,0.5569286233669676
3240.0,23.995753339788,17.2098327693515,0.7172032703309805
3253.0,21.7469523452306,13.5086667155986,0.6211751651978598
3263.0,29.7119933321664,16.3948104263879,0.5517909970933781
3279.0,25.3949691592395,15.4445793677631,0.608174763706845
3325.0,25.9776974409052,16.4529826154006,0.6333503056931166
3333.0,25.8978886580098,14.9308384327784,0.5765272462919687
3344.0,21.9292434831944,12.4920356793444,0.5696519211398123
3345.0,30.6407164274061,18.5887439401882,0.6066680583082513
3357.0,25.8671274063197,15.9417730315211,0.616294680932615
3359.0,24.3971910255321,15.309960955489,0.6275296586179471
3365.0,22.5309412165118,14.1308714756883,0.6271762612976192
3368.0,28.2053434879614,18.903037871314,0.6701935000147115
3380.0,26.8814334619297,16.797785720015,0.6248842995595653
3429.0,21.4297846183719,14.0970250283413,0.6578239249430358
3436.0,28.6700980516808,16.2680570913881,0.5674224434832157
3456.0,22.3749177132601,12.8439928708421,0.5740353120150398
3479.0,22.0812050811181,21.3628047491801,0.967465528747237
3485.0,23.6279549427594,13.1623860923205,0.5570683592468086
3506.0,24.2203262534107,17.357243022736,0.7166395217443348
3509.0,26.8991984821275,16.1007971476511,0.5985604797239171
3524.0,26.2035151043072,15.4960442866892,0.5913727309105197
3560.0,27.8130702904388,16.5109498505735,0.5936399569755306
3576.0,24.6762476371962,14.7592138985943,0.5981141912495125
3600.0,21.1605931069274,13.4140339097709,0.6339157811876035
3629.0,23.6481641737749,17.1635074288779,0.7257860399967838
3721.0,24.7471287660934,16.6262780266393,0.6718467497295824
3722.0,27.1642796549434,17.5669782863943,0.64669405960844
3749.0,24.9138643518559,15.6188682235938,0.6269147171635102
3750.0,21.2056956656088,12.4409432947705,0.5866793285611047
3752.0,25.3635979685617,14.7159950242632,0.5802013989696473
3783.0,23.0549053873657,15.8315173838505,0.6866875885132158
3791.0,27.5079606312277,15.2369814955437,0.5539117094069966
3803.0,21.6221165376306,20.0715281440706,0.9282869283004098
3823.0,25.6383470755104,15.1951215771781,0.5926716543943035
3833.0,22.8746236612389,15.730614396754,0.6876884459266345
3836.0,29.6637203622958,18.5028832320287,0.6237546405523318
3860.0,23.2748736886568,14.0857248060617,0.6051901717914152
3900.0,20.9564303859768,13.1502827462276,0.627505854003993
3919.0,25.6693824906683,15.608669810346,0.6080656523786767
3962.0,25.2566444559046,15.8214560435372,0.6264274761898704
3972.0,29.8296650533903,20.4565719899405,0.6857794733305429
3974.0,26.8043156521411,15.5165824591046,0.5788837387409722
4007.0,21.4149183074475,13.8807477909394,0.6481812160876687
4077.0,25.0858398914074,14.6073884106073,0.5822961668351689
4132.0,24.4037169561091,20.6810784624358,0.8474560862851921
4137.0,27.6983294122461,17.5397637413367,0.6332426580782141
4158.0,23.8025315786817,13.4614334705782,0.5655462918337092
4196.0,27.9387409953928,23.4520787991172,0.8394107237324879
4203.0,23.0134272631198,13.5674770359496,0.589546132387338
4226.0,25.2503389647425,13.707592391517,0.5428676585552834
4233.0,29.7655381464286,18.2690438114161,0.6137649425837141
4269.0,25.7065755299633,16.6836431586325,0.6490029424256152
4272.0,23.6346932731239,16.2484688156609,0.6874838030641076
4278.0,20.9107901930275,14.142135623731,0.6763080444681885
4303.0,23.2406408804713,16.6740960086898,0.7174542257438671
4310.0,24.1083012898628,16.1501710665153,0.6699008309352023
4335.0,24.6891502512215,18.7338040454345,0.758786910639326
4349.0,24.4883957960178,14.0744155109376,0.574738158766052
4381.0,22.4104729839211,13.6026411822763,0.6069769786668858
4392.0,21.6147508019246,14.453968225101,0.6687085295387262
4405.0,30.0318302476802,17.5397637413367,0.5840391210486265
4438.0,25.8301655478493,19.6059915448977,0.759034684023934
4448.0,24.6762476371962,15.8917516561466,0.6440100573553927
4457.0,22.5097289652535,15.3515077373174,0.6819943394704714
4470.0,26.3126716222068,16.6071122819095,0.6311450437398303
4496.0,23.5807327158003,14.802306585623,0.6277288650875847
4502.0,24.1544921380239,15.1426339537521,0.6269075692928616
4522.0,24.6116331046201,17.070479603261,0.6935939411536459
4532.0,24.9010781748003,16.9205712812563,0.6795115923285518
4545.0,26.6912042097318,16.71225188469,0.6261333041915208
4557.0,21.3553495736786,12.781854176071,0.5985317230220008
4565.0,31.5370573652829,20.2295741129122,0.6414540798337649
4572.0,23.4656545332782,17.0891256815704,0.7282611979706417
4573.0,25.2314130365633,12.3510230629141,0.4895097648719082
4581.0,24.8113904395018,13.8807477909394,0.559450621067979
4620.0,21.3628047491801,16.4529826154006,0.7701695918946253
4653.0,23.1100937497237,15.4032836270977,0.666517574264789
4655.0,25.3886980221741,13.198629537041,0.5198624019834935
4658.0,25.8054948969978,15.4342657910752,0.5980999726097411
4669.0,28.5588006670694,16.4433015421203,0.5757700308851118
4672.0,26.8161943656213,15.5370934825453,0.5793921863299161
4673.0,30.1218332902287,15.2265273046076,0.5054980272248891
4678.0,28.340513639943,16.5398572841755,0.583611768449542
4679.0,22.1962870596789,13.9836118822672,0.6299977939855267
4684.0,25.4137732855919,16.2582659035668,0.6397423051217771
4695.0,25.1365696497744,14.6617922801492,0.5832853282858661
4768.0,22.9788049669039,16.5109498505735,0.7185295264202827
4785.0,24.8113904395018,16.0710999865308,0.6477307277767179
4806.0,24.0156530695438,15.5473388469837,0.6473835544660055
4808.0,22.6929097487793,15.5882529673228,0.6869217363437197
4825.0,27.4035657171241,16.2778423897715,0.5940045378693075
4837.0,24.1940141041403,11.8644144908289,0.49038635919446505
4849.0,27.8474003635235,17.1727824943638,0.6166745286880685
4886.0,21.5039620108855,14.1983223194819,0.6602654111969962
4888.0,22.2536048750827,16.2092212491281,0.7283863149416083
4890.0,24.1083012898628,17.4122001302476,0.72224915065124
4891.0,26.9996461406394,15.6188682235938,0.5784841824309894
4935.0,23.2543400510569,15.2578683888248,0.6561299247936015
4951.0,24.7020461258283,16.3071630542833,0.6601543439445138
4964.0,20.8421425112343,15.0371090865741,0.7214761667841404
4967.0,25.965435133193,16.0512713546906,0.6181784080395172
5043.0,21.5705035686194,13.1744783191173,0.6107635956298872
5053.0,24.7278176989573,14.3655639204172,0.5809475019311128
5060.0,24.6568810566035,15.5165824591046,0.6293002924207648
5068.0,23.5739789614828,16.0512713546906,0.6808893560529832
5095.0,26.3368671874315,17.594150736179,0.6680426571226852
5147.0,22.453064988739,12.3639088494787,0.5506557281012473
5151.0,22.5944584830026,14.0290871628985,0.62090831579134
5195.0,25.3447566154834,14.6943379190415,0.5797782216643801
5205.0,27.7385427085194,15.7912335593151,0.569288506799065
5230.0,23.5807327158003,14.802306585623,0.6277288650875847
5254.0,22.552133515804,15.2891452273644,0.6779467324743412
5265.0,24.6633382731752,15.9217833396066,0.6455648121618535
5266.0,22.2964965400796,16.2386658169914,0.728305713312457
5323.0,22.8467617463174,13.0530519651573,0.5713305067078611
5338.0,32.9494884605045,19.9362039841933,0.6050535202721035
5363.0,28.9134442975322,17.384743292987,0.6012685003588731
5369.0,28.2730093432737,16.6931848483795,0.5904283002103169
5412.0,27.9842995107664,15.3515077373174,0.5485757373133894
5417.0,28.7422102434995,17.8546859092284,0.6212008665292718
5426.0,21.1003063943703,13.2106885889279,0.626089893768206
5438.0,19.4592502523136,12.9304853825871,0.6644904204903648
5442.0,23.3500092063431,14.7484210533494,0.6316237789466459
5443.0,27.310435232919,18.3299552958128,0.6711703837556766
5447.0,22.8606969484343,14.7592138985943,0.645615220388333
5455.0,20.9488305922959,14.0744155109376,0.6718473114252773
5470.0,27.4384081542318,16.3850949823191,0.5971590950254175
5477.0,22.6155912625088,12.4665156615172,0.5512354515437179
5492.0,31.6429120870744,21.0095519677443,0.6639576000442244
5496.0,22.7419755568706,12.3510230629141,0.5430936741633565
5507.0,24.1874315943996,15.9717106598283,0.6603309903944665
5517.0,24.3645351535466,15.4651858870915,0.6347416763598843
5574.0,23.9691946671896,14.0970250283413,0.5881309415721885
5577.0,26.4093208791775,14.1308714756883,0.5350713689434484
5639.0,23.1994948330681,13.198629537041,0.5689188334492498
5649.0,21.332968415138,15.278726728555,0.7162025664329548
5655.0,25.6507657476242,16.0115404240689,0.6242129604084785
5660.0,21.9147159933699,14.4979682301538,0.6615631356819788
5663.0,31.380143017459,15.8113883008419,0.5038660369407781
5670.0,27.357040105101,18.8270709013939,0.6881983880223723
5678.0,25.2503389647425,22.8537304095102,0.9050860838510434
5686.0,21.518766805762,14.9521529881449,0.6948424657932172
5695.0,24.7664247758602,15.0265158418028,0.6067293110650804
5702.0,25.6631784102174,14.5964833038908,0.5687714542045748
5706.0,25.4950975679639,11.8644144908289,0.4653606231237663
5709.0,26.4394513178179,15.4445793677631,0.5841490120997629
5743.0,21.7908412947093,16.0115404240689,0.7347830314360748
5751.0,20.8650501669979,12.4153182556282,0.5950293987438103
5756.0,24.5273797354691,13.4258994883048,0.5473841736502157
5761.0,21.7029746412849,12.781854176071,0.588944805370434
5763.0,24.7921294270715,15.2683011205661,0.6158527513935145
5771.0,25.5075859829024,16.5783221205045,0.6499369298065627
5783.0,29.0891447785775,18.0674602813762,0.6211066161931944
5813.0,25.965435133193,15.2995566315178,0.5892278158650829
5820.0,24.2728649838105,16.8734518044228,0.6951569917962731
5945.0,21.7762214733422,12.6817989842809,0.5823691222008179
5951.0,25.9776974409052,15.1005124981574,0.5812875653243892
5952.0,24.1940141041403,14.3877159211166,0.5946808106826077
5986.0,23.6481641737749,14.541835102657,0.6149244819089786
6015.0,25.7560827025063,15.6697607280356,0.608390682272145
6030.0,22.4033664440297,13.0774274335687,0.5837259978869702
6057.0,33.6665930923499,23.9293013890534,0.710772881693541
6073.0,24.1808472927683,13.0164031741628,0.5382939239707941
6074.0,18.6656808960215,16.6262780266393,0.8907405049543686
6106.0,31.2173396206921,24.7664247758602,0.793354753376999
6167.0,22.8049050484214,14.8667114144405,0.6519084987582354
6178.0,25.2503389647425,15.6799194070462,0.6209785709784075
6185.0,25.9101829329288,17.3755813723017,0.6706082090304107
6198.0,22.9024516808492,13.9151203102383,0.6075821271953161
6202.0,26.7269753281415,14.9840679721373,0.5606346317968948
6206.0,20.4098140499648,12.5935986165452,0.6170364210920833
6218.0,24.8562747591923,15.1005124981574,0.607513098581796
6242.0,26.9583306670997,18.0674602813762,0.6701995203073151
6259.0,27.5426710054535,18.9954738155621,0.6896743533624956
6383.0,21.6809523376515,17.7204045905702,0.8173259326711702
6393.0,28.8969176061004,18.7762555026458,0.6497667245548004
6402.0,22.0739925363948,20.0159172329214,0.9067647005823654
6414.0,20.0318218180554,11.6750046031715,0.5828229059350158
6448.0,26.4996094190661,14.9094934062353,0.5626306852473126
6476.0,22.3107754378225,14.4979682301538,0.6498191096296911
6490.0,22.9788049669039,14.8452741842344,0.6460420463821278
6493.0,24.4102411420179,14.6943379190415,0.6019743038813248
6528.0,26.0083279166329,15.931781320711,0.6125646128339636
6533.0,24.6374992526992,15.1636508048848,0.6154703709721482
6535.0,26.3912261042685,13.5439835515944,0.5132002392796674
6560.0,23.1307554380258,16.6262780266393,0.7187952884282601
6581.0,24.0023884161874,13.3664662638322,0.5568806750422283
6604.0,25.0985319437708,15.1951215771781,0.6054187396784924
6640.0,24.9968150837504,15.4032836270977,0.6162098481542501
6647.0,28.0297839772075,12.9550914664644,0.46219020014563333
6658.0,23.0272616059762,17.8992224860494,0.7773057340610603
6659.0,23.5672232717148,13.3902712092521,0.5681734778370349
6678.0,23.0618111551968,14.1533908070674,0.6137154931943861
6686.0,26.026688898741,16.2288568968472,0.6235467354294247
6701.0,24.9394170399589,15.7609531219435,0.6319695884106148
6704.0,28.6812040362352,17.1635074288779,0.5984235322615432
6715.0,24.0752535686523,14.57464861208,0.6053788206433361
6742.0,24.9713211300662,14.8881177774564,0.5962086547167371
6759.0,23.6279549427594,15.2995566315178,0.6475192909662387
6819.0,27.6177271603437,14.1195983414841,0.5112512792782757
6829.0,21.0474138690065,15.7912335593151,0.7502695417876767
6839.0,35.2109204253091,21.1003063943703,0.5992546102033648
6880.0,22.9510695253334,16.041347847495,0.6989368329780254
6919.0,23.1513986866128,14.0063679784962,0.6049901419820187
6930.0,24.4623719886707,19.9042292980423,0.8136671826943266
6961.0,24.0090216589329,16.3850949823191,0.682455754136187
6964.0,21.9510166907586,12.7444255329774,0.5805847497871394
7026.0,24.6504221485538,15.8817284752969,0.6442781539231633
7028.0,25.4888510659547,16.1993944999684,0.6355482425649945
7083.0,20.2610353669334,15.1531460230179,0.7478959366384739
7115.0,22.4175772709862,15.4032836270977,0.6871074175813502
7141.0,30.573082536705,20.7272244739836,0.6779566453300612
7156.0,25.155566933995,16.0512713546906,0.6380802864354871
7202.0,29.0453193001628,18.4598031194862,0.6355517365368655
7203.0,23.4588676482387,14.3433777080726,0.611426686195977
7212.0,23.4113043629466,15.2474285187084,0.6512848785495574
7231.0,23.8292760046221,17.7114163046303,0.743262879711279
7275.0,22.6296688183461,12.2474487139159,0.5412120173843096
7286.0,27.0173334311972,15.2160659311263,0.5631964372011691
7322.0,26.6673301403663,16.1993944999684,0.6074621799295685
7326.0,22.6648244536754,16.2288568968472,0.7160371760221367
7338.0,20.5265091922088,13.8922147468735,0.6767938287405701
7342.0,21.1078516498929,12.5047761575964,0.5924229696611426
7392.0,28.3236526486796,17.5034118603086,0.6179786229345874
7440.0,24.8754861041387,16.8072626097506,0.6756556450550836
7470.0,26.8399360208831,15.6494235867883,0.5830648618019095
7477.0,23.6414296829153,16.3461754618412,0.691420767740367
7553.0,22.8328180393449,14.9627988798377,0.6553198494401439
7554.0,29.8510100758378,19.9920366311794,0.6697273084022536
7652.0,28.3573646058398,16.8734518044228,0.5950289118526886
7659.0,22.3250452029128,14.4869807573893,0.6489115979706572
7685.0,23.7824535223219,15.3411315903142,0.6450609301481537
7687.0,25.0731414143136,17.5215972281853,0.6988193836047476
7781.0,25.817833169229,15.1321145818998,0.5861109444279399
7786.0,29.2637903688431,18.9367031479783,0.6471035675590419
7799.0,30.047732727083,12.9919132123486,0.43237582450400874
7812.0,23.8960061156724,15.931781320711,0.6667131420870371
7819.0,21.5778844083798,13.4258994883048,0.622206479291864
7827.0,26.8991984821275,13.2708194804062,0.4933537142091302
7835.0,25.6134916677522,14.8238059529237,0.5787499082597595
7839.0,24.305644019655,14.4759849449835,0.5955812128770318
7879.0,21.6000117952315,12.8439928708421,0.5946289748636892
7883.0,23.8159075457833,14.8345439521246,0.6228838402906511
7887.0,24.8882854289394,13.9379882308591,0.5600220340872657
7913.0,24.9330313230344,15.931781320711,0.6389829264760283
7942.0,21.0095519677443,15.0688441392918,0.7172377670131569
7943.0,24.1808472927683,15.730614396754,0.6505402480854553
7952.0,21.921980941686,15.5575774643904,0.7096793627261442
7971.0,24.8626801902377,15.7407338023658,0.6331068767295
7982.0,21.7908412947093,13.4732573055064,0.6182990882861249
7986.0,21.7249746212278,14.1871027821158,0.6530319611169242
8002.0,20.6733774461709,12.5556087905729,0.6073322476341879
8015.0,24.3187432628693,15.7002170458444,0.6456014965960859
8025.0,26.1000036605898,14.6182853822165,0.5600874839833705
8030.0,28.1601425879424,17.1727824943638,0.6098258359571247
8033.0,24.0950876405886,15.0794076485732,0.6258291263971861
8095.0,24.2466098490485,15.9217833396066,0.6566601862582209
8101.0,25.3698753100682,15.8917516561466,0.626402434458945
8111.0,22.9718742458996,13.4495992410638,0.5854811452080149
8134.0,26.9465146110128,17.7293883197104,0.6579473663159596
8149.0,22.9302459285536,19.3031465043436,0.8418202998994704
8176.0,29.8243264108324,19.1124730007349,0.6408350263291486
8194.0,22.5309412165118,22.4388766366183,0.9959138600110488
8200.0,27.7213155816894,13.5204492444112,0.4877275468607913
8212.0,24.3841339247706,13.9379882308591,0.5716007086353888
8222.0,21.1981852365914,14.3655639204172,0.6776789503480694
8259.0,23.0687148557422,14.3433777080726,0.621767523581934
8332.0,25.0477251468441,14.57464861208,0.5818751414204312
8337.0,24.6374992526992,18.3299552958128,0.7439860315289357
8356.0,25.9899539631445,15.6799194070462,0.6033069327202879
8398.0,22.2893536609791,13.1865594572076,0.5916079783099623
8420.0,23.3840819068058,13.8117461318325,0.5906473551913395
8511.0,28.2391966829682,13.9036722455195,0.49235367427803534
8518.0,24.5663018119003,15.7002170458444,0.6390956671483605
8530.0,25.786976419624,17.4487420384999,0.6766493967560049
8542.0,21.5778844083798,12.3639088494787,0.572989854588208
8586.0,26.0511500779172,13.8232703275227,0.5306203482832139
8638.0,26.0694808999893,15.6595954588969,0.6006868920394701
8639.0,24.7985514267717,17.2836950519755,0.6969638973878366
8649.0,25.3259012452736,13.9379882308591,0.550345201770865
8661.0,21.0095519677443,14.0177321734517,0.6672075727732294
8673.0,22.7279675632059,15.6595954588969,0.6890011355105978
8695.0,22.3606797749979,15.1636508048848,0.6781390797358361
8716.0,22.4317790951988,14.8130601697406,0.6603604692643894
8719.0,28.1431735339231,15.1110538694224,0.5369349640404947
8722.0,21.7981475283747,16.3948104263879,0.7521194360689015
8725.0,25.4137732855919,16.9487800887502,0.6669131694174336
8726.0,24.055403143206,16.6166979175024,0.6907678004222297
8736.0,23.0479975503904,14.4759849449835,0.6280799411460497
8746.0,28.6756515816219,13.3067675899997,0.46404412301228926
8787.0,23.8960061156724,16.297395360652,0.6820133574523658
8800.0,22.0306676810154,14.5089473822234,0.6585795579280727
8823.0,21.6221165376306,15.0265158418028,0.6949604501322071
8877.0,29.0178947644468,18.7592864476631,0.6464730332762556
8886.0,20.5962089146535,12.6062364507504,0.6120658662469428
8890.0,26.5176302368028,16.1895617861641,0.6105206853550296
8904.0,28.907936450202,17.6573905062567,0.6108146299779663
8932.0,27.2695906322117,16.2386658169914,0.5954862335853981
8942.0,26.4935997558935,16.7503208449165,0.6322402768687707
8993.0,22.8537304095102,14.276612204965,0.6246950475544257
9043.0,23.3295416998184,16.0015922774583,0.6858939829745073
9147.0,26.5416389608124,17.612242412667,0.6635702655239463
9162.0,28.7144962169569,25.3321879280675,0.882209032562026
9199.0,24.7792804345385,16.4626579956049,0.6643719150398932
9203.0,20.7656011490831,13.7308059431023,0.6612284346850503
9226.0,27.1584170715893,15.8616631122937,0.5840422536586917
9237.0,24.028910400429,13.4377545895006,0.5592327894010828
9293.0,28.4918135521494,15.0688441392918,0.5288832917466224
9295.0,23.1857632575336,14.0970250283413,0.6080034921326493
9305.0,28.2955286692997,19.0457043320321,0.673099433999848
9339.0,22.6296688183461,12.9919132123486,0.57410973694038
9344.0,27.1408217234051,17.7473421352675,0.6538984823721434
9349.0,19.9681274697875,12.9304853825871,0.6475562319076434
9411.0,27.1877173466677,14.7915451835566,0.5440524849861861
9446.0,27.8588343202211,15.423945317978,0.5536464713738097
9472.0,23.8025315786817,16.5494818746229,0.6952824248932049
9509.0,24.305644019655,14.1871027821158,0.5836958185779096
9512.0,25.1935185275137,17.5579114582877,0.6969217673630145
9530.0,23.5739789614828,12.1298704841306,0.5145448930767873
9537.0,22.3464327650934,13.8347849237113,0.6191048508342748
9544.0,21.0625395726253,14.5199182324732,0.6893716772570266
9603.0,20.6887766121394,12.6314741866256,0.6105471784742421
9612.0,25.4826030327524,15.4342657910752,0.605678539638897
9618.0,22.453064988739,15.2265273046076,0.6781491663719068
9631.0,22.2893536609791,15.8917516561466,0.712974987873584
9645.0,23.3500092063431,13.3067675899997,0.5698827556087163
9667.0,25.6445571633029,18.7932092356733,0.7328342273956748
9687.0,27.0703259635103,15.2995566315178,0.5651781456987619
9698.0,24.3710698285075,14.1195983414841,0.5793589875553194
9728.0,26.940604639539,16.9675599062439,0.6298136264299613
9732.0,22.8258429916675,13.7539803156138,0.6025617682831975
9763.0,20.5032232979377,11.5239987751952,0.562057907078168
9767.0,26.9465146110128,16.2582659035668,0.603353203123427
9811.0,21.9074486358518,12.6440741640093,0.577158681240367
9820.0,26.2945103374326,16.0314181976128,0.609686888703557
9823.0,23.5942344247312,16.6166979175024,0.7042694252492876
9824.0,24.3514605429171,15.5882529673228,0.6401362636894
9844.0,24.305644019655,13.8692713542597,0.5706193731400072
9865.0,23.9758370934408,15.8214560435372,0.6598917060487354
9884.0,24.6245695749508,14.8667114144405,0.6037348741950631
9886.0,23.6683561491403,12.6566615978522,0.534750344219065
9893.0,24.1610836218792,15.9217833396066,0.6589846543632896
9938.0,22.7909357331452,14.6834973879318,0.6442691761259003
9955.0,25.0540816309324,14.9734372024613,0.5976446242585366
9956.0,22.9441304263009,12.2214179752122,0.5326598893982386
9970.0,26.1243961926993,16.7598245738201,0.6415392130097838
9975.0,29.760188000228,20.1822902754948,0.6781640719252238
10001.0,27.0997214830448,15.1741483144875,0.5599374268101371
10051.0,25.9163278833135,15.8315173838505,0.6108703924078607
10064.0,22.5944584830026,14.9094934062353,0.6598738986133011
10124.0,20.1665043596844,12.3122847874754,0.610531432115193
10137.0,21.3777073005211,14.5855700438202,0.682279434308873
10145.0,24.6826997872965,13.1381682501083,0.5322824635605766
10183.0,29.4211674741401,21.4520647678154,0.72913710126122
10225.0,26.2338819184191,19.8401253334854,0.7562786702777459
10261.0,24.6439615476962,13.1139056841581,0.5321346431569981
10263.0,23.9492563346107,16.7598245738201,0.6998056365365859
10269.0,25.9531670318073,16.7598245738201,0.645771845620222
10279.0,28.024102456124,16.721777249889,0.5966926960843613
10332.0,27.3337476018526,13.7655528715658,0.5036101551853363
10337.0,24.2597409682613,13.2106885889279,0.544551922718848
10357.0,24.772853439116,17.9613881692967,0.7250431692675303
10382.0,22.3891465971867,15.2891452273644,0.6828820009283227
10387.0,27.6638143466121,17.5215972281853,0.6333760416640128
10389.0,20.6887766121394,15.2160659311263,0.7354744176704041
10394.0,26.7150569439019,16.4626579956049,0.6162314394528267
10403.0,24.7921294270715,15.931781320711,0.6426144784204967
10450.0,25.4513398593658,15.4445793677631,0.6068277526096401
10524.0,24.2005948234525,14.3655639204172,0.5936037533464139
10536.0,25.8363295296929,15.3929423814694,0.5957867337068434
10582.0,26.9524232865824,15.372239019872,0.5703471949969222
10586.0,27.0114389545412,16.929979439493,0.6267707347241013
10601.0,23.0687148557422,15.3618768757759,0.6659181914484528
10604.0,26.5116246585949,16.9956907239663,0.6410656058551435
10620.0,26.6673301403663,17.2652591053399,0.6474311081935233
10633.0,28.5755229095487,16.0611887305856,0.5620610611894926
10634.0,24.4102411420179,17.0798051869139,0.6996983392152586
10657.0,23.9293013890534,13.7886688456512,0.5762252989115223
10664.0,20.6579668011324,12.669236525542,0.6132857433407976
10665.0,25.7993235481359,13.8347849237113,0.5362460336566041
10688.0,22.4317790951988,14.2654542413964,0.6359484096582297
10692.0,21.8637937629087,12.9058323851714,0.5902833023912701
10781.0,24.8434589425325,16.3850949823191,0.6595335625454106
10795.0,23.0203454737865,13.5086667155986,0.5868142479000177
10809.0,29.491443215447,16.2092212491281,0.5496245514576258
10813.0,25.5512473675595,13.707592391517,0.5364744896533115
10817.0,28.907936450202,19.9521721116906,0.6901970379677924
10865.0,27.2987715829175,18.9787007669795,0.6952217871538083
10873.0,27.2462233694523,18.3473214345216,0.6733895257972561
10888.0,24.1940141041403,11.9446707462227,0.4937035538959456
10906.0,22.6929097487793,15.7710530608987,0.6949771199679255
10950.0,23.2063575738877,15.4136179346186,0.6641980709614825
10953.0,22.7979214607371,16.6262780266393,0.7292892053897682
11010.0,23.7757570689941,17.5760404372609,0.7392420937956911
11053.0,22.8746236612389,14.5527811599861,0.6361976212376259
11064.0,25.0921867200709,17.3205080756888,0.6902749556631651
11068.0,26.2520851461802,15.320358213703,0.5835863371764275
11111.0,21.3478917946582,15.2683011205661,0.7152135333750674
11125.0,27.4326041545573,14.7592138985943,0.5380172372786706
11172.0,21.3478917946582,12.0376267843261,0.563878948802721
11200.0,24.3906633488867,17.5034118603086,0.7176275450133477
11212.0,23.4520787991172,15.1426339537521,0.645684081290146
11226.0,29.0014275949956,15.9816774069199,0.5510651968621589
11227.0,22.6929097487793,15.4754788572074,0.6819521616455492
11234.0,25.2944443939267,13.8347849237113,0.5469495478237542
11275.0,24.7921294270715,15.6494235867883,0.6312254714877408
11279.0,25.6569728295657,15.6392450988258,0.6095514542075667
11282.0,26.8577284895397,17.2652591053399,0.6428413747672003
11313.0,23.8960061156724,14.9308384327784,0.6248256867906424
11358.0,25.4638497347141,17.1449422450467,0.6733051924066893
11390.0,25.338473051084,14.6291742368974,0.5773502691896247
11412.0,22.0234385856014,14.8774184460152,0.6755265935511922
11415.0,20.7272244739836,12.5175036684305,0.6039160565922476
11437.0,27.3046040307104,16.8640121103668,0.6176252214241702
11452.0,23.1032024140256,14.2542875436058,0.6169831908217296
11471.0,20.2217011512936,13.0408471453167,0.6448936737690075
11498.0,26.5836020525656,15.3411315903142,0.5770900256473565
11514.0,22.5097289652535,13.8347849237113,0.6146135719833398
11526.0,23.7757570689941,15.9117790763885,0.669243844905322
11557.0,25.8548126579873,14.0177321734517,0.5421710982354079
11595.0,26.0328063483257,13.6260335317699,0.523417773306882
11601.0,23.4656545332782,15.8716989646817,0.6763799808853825
11603.0,23.5874845363297,16.4239222760562,0.6962981682408692
11634.0,22.9580065270107,12.4409432947705,0.5418999807380228
11652.0,22.6155912625088,13.2467998779467,0.5857374995942158
11674.0,22.5026537713131,14.7592138985943,0.6558877032276826
11706.0,32.6192081273213,21.5705035686194,0.6612822568967366
11708.0,24.7084915391476,14.57464861208,0.5898639578619456
11725.0,26.3851917550175,17.9613881692967,0.6807374506149306
11735.0,23.3500092063431,20.1111560763203,0.8612911411982246
11749.0,25.73134102273,15.205597360275,0.5909368402852773
11767.0,29.0508011005891,17.0518131355639,0.5869653327810681
11790.0,23.9026688806467,12.9181647648464,0.54044863480939
11797.0,26.679269845527,17.9436485223322,0.6725689505832035
11819.0,21.0019713966992,15.2160659311263,0.7245065543474528
11825.0,24.9840713586887,15.6188682235938,0.6251530424868897
11829.0,22.2249644451006,17.4304806603534,0.784274850176234
11838.0,26.4514938833787,16.3461754618412,0.6179679504647043
11847.0,29.1656809053922,17.0144187635039,0.5833712169688535
11850.0,20.3473029872144,17.2836950519755,0.8494342008292709
11852.0,26.1913585204452,18.1991810552784,0.6948544131863937
11856.0,22.5097289652535,13.8232703275227,0.6141020333412541
11859.0,23.2680311561883,15.8616631122937,0.6816933932149724
11879.0,26.1487659705662,19.2370396440699,0.7356767682927624
11916.0,26.7210168005168,17.384743292987,0.6506018623007928
11929.0,26.7507961664957,16.0810051338419,0.601141178518743
11930.0,23.1994948330681,14.1758743650167,0.6110423725610908
11945.0,21.1906721457169,15.0265158418028,0.7091099205571915
11951.0,31.0690621712954,22.1028285938052,0.7114095839759826
11955.0,23.4656545332782,12.8439928708421,0.547352849358077
11958.0,23.9758370934408,16.0810051338419,0.6707171504031143
11959.0,20.6348292540537,11.4268652047551,0.5537659199438396
11985.0,22.5097289652535,14.3655639204172,0.6381935536670473
12018.0,25.2629483732512,15.8214560435372,0.6262711624067285
12019.0,23.3772713396287,15.2578683888248,0.6526796120537797
12057.0,21.6147508019246,12.3381238185981,0.5708196190492051
12065.0,24.3121945234849,14.8881177774564,0.6123724356957944
12070.0,22.8049050484214,14.7915451835566,0.6486124433383905
12074.0,24.585739743317,15.0794076485732,0.6133395946596298
12092.0,23.0963090221329,15.2160659311263,0.6588094191390035
12119.0,24.8049717638183,15.5678093480775,0.627608428516151
12126.0,28.0751947546149,16.4916500779332,0.5874099974042875
12130.0,25.8609707651743,16.6931848483795,0.6454972243679031
12158.0,23.6750829806387,14.9521529881449,0.6315565187405111
12168.0,27.8873987020917,16.4626579956049,0.5903260526902466
12211.0,24.3318354539996,13.6959708613298,0.5628827667860336
12212.0,23.6077284117793,15.6697607280356,0.6637555488065097
12297.0,23.9559042893077,13.4850707731907,0.5629121994451082
12298.0,25.6197077803708,15.320358213703,0.5979911381128667
12315.0,27.2754293199207,16.5687142830586,0.607459339639343
12396.0,25.5512473675595,16.5302270898894,0.6469440357294097
12417.0,23.4452879842074,17.3205080756888,0.7387628630262842
12435.0,21.9727683228741,14.2877614547743,0.650248582464707
12436.0,23.0825160623945,15.6799194070462,0.679298537675083
12468.0,27.9330409563668,19.581611027846,0.7010196655077309
12524.0,25.4450826152984,15.710356031109,0.617422087742149
12533.0,23.2748736886568,15.4445793677631,0.663573069154405
12534.0,26.4875887292124,17.2375682148551,0.6507790645301088
12583.0,25.0350073368611,13.6493857914588,0.545211974887728
12589.0,25.6134916677522,16.3169249007453,0.6370441450311349
12590.0,22.3107754378225,13.9379882308591,0.6247200268633706
12602.0,27.921637387426,16.9956907239663,0.6086924806071725
12623.0,24.2334716146246,12.9427942719831,0.5340875000415658
12631.0,25.786976419624,16.7883034806368,0.6510380747027336
12632.0,28.6867554161451,18.0674602813762,0.6298188839860123
12644.0,25.9040365248402,17.7293883197104,0.6844256995510768
12661.0,29.5453877332103,14.5527811599861,0.4925567838674238
12672.0,27.6753241512901,17.8368401417414,0.6445033866354888
12688.0,23.6548967473415,14.6834973879318,0.6207381729358862
12689.0,21.3180345887259,14.9094934062353,0.6993840517605796
12704.0,22.5803589755559,21.9437613553461,0.9718074623659022
12716.0,23.7958407755759,16.6358526188677,0.6991075783269979
12717.0,26.9996461406394,16.2288568968472,0.6010766516091411
12727.0,23.5942344247312,12.9058323851714,0.5469909365503149
12731.0,19.1457700172686,18.545863274218,0.9686663559360886
12737.0,26.6553850870725,15.3929423814694,0.5774796474028345
12798.0,26.6553850870725,14.5637189902863,0.5463706092676001
12836.0,22.8049050484214,15.0688441392918,0.6607720622952076
12856.0,27.1701409733103,17.2560337458219,0.635110202879433
12860.0,24.4688805352775,15.0688441392918,0.6158370881563874
12862.0,23.1926300615513,14.6509276678531,0.6317061768747557
12867.0,28.368593022279,16.4045201165647,0.578263437445825
12962.0,28.9299615478354,16.1600277479739,0.5585914008649288
12966.0,23.8960061156724,15.7002170458444,0.6570226409319204
12985.0,24.2466098490485,13.9949945556068,0.5771938692763681
13080.0,23.7891480906522,17.0518131355639,0.71678956600654
13089.0,29.4698377596419,15.3929423814694,0.5223287113765381
13093.0,24.1676733079752,16.797785720015,0.6950518366396414
13125.0,22.2679112763516,13.2347737294141,0.5943428445158822
13140.0,22.1388208478914,16.0512713546906,0.7250282869613354
13146.0,21.0095519677443,13.5792085357947,0.6463349888014122
13165.0,21.9582696289016,12.3510230629141,0.5624770654358672
13175.0,27.1701409733103,16.5687142830586,0.6098133351363298
13177.0,25.407506789803,17.0237750571797,0.6700293420372907
13185.0,24.8498676770497,15.2369814955437,0.6131614740796362
13212.0,24.2663038632733,14.0177321734517,0.5776624348081018
13230.0,21.783532610521,12.0904236463841,0.5550258473937635
13259.0,24.9840713586887,13.2588151184014,0.5306907320287647
13261.0,30.6874525697871,18.2428766309127,0.5944734770481883
13306.0,27.4500124720077,14.9414995112041,0.54431667477167
13308.0,22.9371892280098,13.6959708613298,0.597107637085931
13320.0,23.3908904909963,15.5370934825453,0.6642369382442234
13343.0,24.128108195537,13.77711570676,0.5709985878341
13362.0,28.5476470635715,17.9258913200386,0.6279288545259166
13374.0,22.9649414332336,17.8457652562062,0.7770873402002579
13401.0,21.9292434831944,15.121587892221,0.6895626793422908
13415.0,20.323811769468,14.2877614547743,0.7030059920274639
13461.0,24.134706885171,14.4429472793696,0.5984306065156204
13462.0,26.6553850870725,17.5579114582877,0.6587003489513662
13464.0,20.719540609225,11.7294338241193,0.5661049173501936
13469.0,23.0134272631198,16.5302270898894,0.7182861944417961
13481.0,24.081866741025,15.423945317978,0.6404796390514994
13496.0,19.8962275974986,15.4857649858653,0.7783266908251595
13531.0,24.6826997872965,15.3515077373174,0.6219541569443062
13556.0,25.7622644097122,14.0177321734517,0.5441187913655257
13575.0,21.3105637510727,13.1139056841581,0.615371129423922
13590.0,23.2817142100944,16.1698784210911,0.6945312649736171
13613.0,21.1906721457169,18.3212660536579,0.8645910770395753
13616.0,25.3761510987381,14.5855700438202,0.5747747161130952
13633.0,22.4459719337559,14.9201697365731,0.664714799635611
13639.0,24.5533346419222,14.2542875436058,0.5805438548973354
13673.0,22.0162071164898,13.1260425730901,0.5961990865928445
13674.0,23.9093297889216,11.1732163825467,0.4673161682567872
13706.0,23.3976970939313,14.1533908070674,0.6049052926126814
13752.0,21.6882955901356,14.7159950242632,0.6785224299025331
13769.0,24.8946826236033,15.8817284752969,0.6379566558618834
13770.0,22.7419755568706,13.0895981457734,0.5755699680988747
13808.0,22.573305919324,16.5013027858583,0.7310095758606749
13820.0,28.3573646058398,15.8415723339806,0.5586404997140761
13848.0,23.3227152061244,13.6143423811559,0.5837374534154093
13859.0,23.5131078770591,19.8962275974986,0.8461760011278918
13873.0,28.1092046941039,19.3772471472696,0.6893559372504805
13880.0,24.2203262534107,15.0582732196188,0.6217204946815403
13888.0,26.4213771778559,18.1290490755077,0.6861507995390147
13903.0,20.5420184571282,13.9036722455195,0.6768406071943162
13908.0,20.9031738058898,12.0640540977685,0.5771398262195601
13925.0,22.5380075303806,15.7002170458444,0.6966106930562052
13944.0,25.6693824906683,18.0762715280748,0.7041958073843865
13953.0,27.0762076204974,17.801094935192,0.65744417330129
13960.0,20.8039070313896,11.3007524691689,0.5432033729105771
13971.0,23.9492563346107,15.7002170458444,0.6555617772212388
13989.0,26.2763365002165,17.7204045905702,0.6743864233289978
13998.0,24.3710698285075,18.2690438114161,0.7496201003883015
14002.0,26.8932781126309,16.4819917168834,0.612866592456884
14018.0,21.3851546817958,13.1381682501083,0.6143592808001628
14035.0,20.8421425112343,13.2947956869103,0.6378804712492566
14047.0,24.5792621408482,15.730614396754,0.639995387437255
14081.0,23.4452879842074,16.2386658169914,0.6926195928124093
14084.0,24.8049717638183,15.6697607280356,0.6317185472830189
14090.0,24.8306365112564,13.4968739008535,0.5435573065046078
14101.0,25.8363295296929,22.1819344638945,0.8585559507747215
14102.0,27.6695698474227,20.1980638537334,0.729973901477719
14123.0,24.1478988549373,14.3877159211166,0.5958164727932375
14137.0,23.0479975503904,15.1110538694224,0.6556341320492045
14173.0,24.5273797354691,14.3322717228935,0.5843376617261553
14191.0,25.8486530837109,17.2098327693515,0.6657922450975465
14201.0,27.0938449305561,15.2265273046076,0.5619921182702021
14207.0,24.8370485543617,17.987964837104,0.7242392266429372
14213.0,30.6563030582204,17.4213427930621,0.5682793114348018
14229.0,22.3250452029128,16.3461754618412,0.7321900275350159
14277.0,29.0727179660985,16.8640121103668,0.5800631413283
14292.0,23.9159888420486,13.6959708613298,0.5726700640221836
14295.0,22.8467617463174,12.5682848248872,0.5501123075751881
14347.0,26.7269753281415,18.1641489129682,0.6796185759876359
14353.0,28.907936450202,20.1032367391058,0.6954227526318407
14370.0,24.8754861041387,14.0177321734517,0.5635159093883788
14381.0,25.6010549145705,12.1953316744434,0.476360513859239
14396.0,20.518750163698,13.6143423811559,0.6635073906812582
14398.0,28.1657966674268,16.4626579956049,0.5844911184295968
14474.0,24.3514605429171,15.8315173838505,0.6501259896074397
14537.0,22.4317790951988,15.3411315903142,0.6839016881009563
14542.0,23.2269336301603,15.5165824591046,0.6680426571226876
14544.0,23.3976970939313,15.3515077373174,0.6561119103169836
14554.0,20.5265091922088,11.6066091429055,0.5654448612875196
14606.0,23.3295416998184,13.2588151184014,0.56832728602228
14617.0,30.1059699520144,20.2767476883076,0.6735125199628679
14625.0,24.7084915391476,17.8636021074916,0.722974208246946
14636.0,25.0604365027229,15.7609531219435,0.6289177413262941
14659.0,27.4209924697389,17.8100379626013,0.6495037691380426
14686.0,22.650768747236,14.142135623731,0.6243556579269178
14725.0,23.5672232717148,14.9627988798377,0.6348986771723735
14744.0,25.155566933995,13.7886688456512,0.5481358810887033
14761.0,19.179009226351,19.0958027201965,0.995661584747549
14763.0,30.5939088896221,18.5372752379741,0.6059139191678189
14764.0,22.7559749275758,14.0290871628985,0.6165012576937754
14800.0,21.9074486358518,13.0530519651573,0.5958271171657947
14809.0,22.6929097487793,14.8774184460152,0.6555976563038809
14812.0,24.2137508966305,14.7484210533494,0.6090927884866337
14829.0,26.0511500779172,18.1114736481327,0.6952274119938094
14853.0,25.1429036727173,15.8516209060878,0.630461028385058
14890.0,24.0222826495374,15.4136179346186,0.6416383555005511
14897.0,29.0836702053139,17.7204045905702,0.6092905216389262
14915.0,23.4113043629466,16.1895617861641,0.691527543069644
14922.0,26.9583306670997,16.2288568968472,0.6019978424203065
14924.0,23.2474914748368,16.3461754618412,0.7031371741563764
14926.0,21.0019713966992,11.6340155780942,0.5539487393037148
14938.0,23.9293013890534,15.5678093480775,0.6505751712082612
14942.0,28.6033715887138,19.7758135748639,0.6913805078372984
14968.0,22.2536048750827,13.5557353833512,0.6091478418640173
14977.0,23.553706079165,13.3426188474005,0.5664764093835337
14989.0,25.8917393313986,14.6182853822165,0.5645926368681258
15030.0,27.5946547025482,15.121587892221,0.5479897485662182
15036.0,26.2399510641147,16.6836431586325,0.6358107573397406
15087.0,23.4181050324765,16.4045201165647,0.7005058732896928
15098.0,22.0378944050678,21.8637937629087,0.9920999420834385
15113.0,24.7213773243985,15.5780345113133,0.6301442798633523
15115.0,22.8258429916675,12.3896402172693,0.542790039421199
15120.0,28.3180300873044,19.8079955547776,0.6994835267039978
15132.0,25.8116647703429,16.3169249007453,0.6321531387426481
15150.0,22.9926601414922,15.8415723339806,0.6889838860094811
15152.0,25.817833169229,16.0810051338419,0.6228642438129957
15161.0,26.1670284097407,14.4869807573893,0.5536349229474031
15258.0,20.8879327001041,14.6726488475606,0.7024461950457872
15267.0,23.9559042893077,16.3364310940829,0.6819375673234085
15303.0,26.3851917550175,18.8016803694078,0.712584564250226
15330.0,21.658907642233,14.1758743650167,0.6545055087346588
15337.0,25.8609707651743,19.6222283936804,0.7587583842793979
15353.0,24.5403606200695,14.7051704586027,0.5992238943129701
15361.0,28.5922353719831,17.9613881692967,0.6281911132732444
15368.0,25.7560827025063,13.8347849237113,0.5371463154358116
15378.0,23.6952520170786,16.6454217037078,0.7024792009686345
15379.0,24.3383789085898,15.8516209060878,0.651301426673625
15401.0,21.7249746212278,14.9201697365731,0.686775013398376
15415.0,24.2137508966305,13.5792085357947,0.5608056593034636
15416.0,20.9640274246117,14.2989020112075,0.6820684652616241
15421.0,21.6882955901356,14.1083161995775,0.6505036848536097
15456.0,21.8856320840808,13.2947956869103,0.6074668364995812
15476.0,21.0247049101886,13.6026411822763,0.6469836908714206
15489.0,21.8346420249265,16.0611887305856,0.7355828738685111
15490.0,21.7762214733422,15.8817284752969,0.7293151612523245
15507.0,25.8301655478493,13.2588151184014,0.5133073999792993
15516.0,23.6212146901782,13.8232703275227,0.5852057359806511
15542.0,28.1884016443137,15.372239019872,0.5453391509686027
15567.0,24.5208867162327,13.8347849237113,0.5642041041914175
15587.0,20.7579314900407,13.8347849237113,0.6664818664783142
15619.0,20.9564303859768,17.8457652562062,0.8515651247622719
15621.0,23.3363661965857,12.8687643362291,0.5514467945790079
15633.0,25.4701023682607,16.6931848483795,0.655403131366348
15635.0,22.650768747236,17.4943120874761,0.7723495958436675
15637.0,25.6569728295657,15.0582732196188,0.5869076340240134
15644.0,24.8113904395018,10.8551552224949,0.4375069284796143
15657.0,23.4860034209292,16.7408117207638,0.7127995095941048
15711.0,21.0549780790869,17.756312235479,0.8433308345790045
15721.0,26.8814334619297,18.3473214345216,0.6825276434943707
15727.0,23.9093297889216,19.6059915448977,0.8200142671494769
15739.0,25.3007388930646,15.0159151238401,0.5934970985355783
15742.0,20.6193897986529,14.4429472793696,0.7004546410152828
15759.0,20.1348953992528,14.8774184460152,0.7388872974511352
15783.0,22.001737047811,14.3655639204172,0.6529286250990105
15787.0,23.0756164908572,12.706886642796,0.5506629323567845
15801.0,23.1582756802849,12.3896402172693,0.534998390567431
15807.0,24.8178074551114,14.9414995112041,0.6020475232644612
15815.0,29.6905483684687,16.6071122819095,0.5593400322489906
15821.0,23.8092205015561,14.9201697365731,0.6266551118545843
15822.0,20.5342652889119,12.8315892051087,0.6248866966785273
15836.0,24.7792804345385,14.0970250283413,0.5689037284832621
15850.0,20.719540609225,12.8315892051087,0.6192989240019959
15851.0,23.2611866109141,13.8922147468735,0.5972272601241806
15887.0,24.4753873511179,16.9393823724254,0.6920986429925369
15907.0,24.7857057634251,15.6900715087295,0.6330290393377652
15938.0,27.1466881066408,15.7912335593151,0.5817001874144694
15949.0,25.0031845105536,14.8130601697406,0.5924469406482263
15979.0,26.3791560253823,17.8457652562062,0.6765100914917376
16011.0,26.7983743208807,17.6664062793774,0.6592342530872154
16013.0,22.0089732713409,12.3767812203253,0.5623515948579842
16023.0,24.4883957960178,15.8516209060878,0.6473115282082105
16027.0,22.3962576491676,13.1502827462276,0.5871642911161256
16051.0,21.4149183074475,13.3187287318215,0.6219369385681768
16058.0,22.7489763190979,13.3545478787036,0.5870395085642768
16059.0,24.7149352715662,17.4487420384999,0.7059999084267949
16102.0,26.8280678195418,16.9581725971401,0.6321056257651032
16113.0,27.2462233694523,14.1983223194819,0.5211115730410057
16126.0,19.4510654989537,16.7027210872883,0.8587046857760446
16150.0,21.783532610521,13.4614334705782,0.6179637486381159
16168.0,24.6374992526992,16.4433015421203,0.6674095196702574
16196.0,23.2063575738877,15.7407338023658,0.6782940300841359
16200.0,23.172023544767,14.0517696145134,0.6064109846671871
16207.0,26.5836020525656,18.8946121798451,0.7107619254337119
16218.0,23.3227152061244,12.3122847874754,0.5279095799378569
16220.0,23.0134272631198,13.1260425730901,0.5703645277609414
16245.0,23.2200769706367,14.541835102657,0.6262612790235836
16263.0,27.5657869734381,17.3021113545382,0.6276661490277861
16282.0,23.6818079013767,13.4732573055064,0.5689285784943453
16305.0,21.4817356876223,15.1951215771781,0.7073507373025483
16336.0,21.0776544217702,13.6260335317699,0.6464682103192734
16345.0,24.4623719886707,12.0640540977685,0.49316779678420986
16393.0,23.4249037276502,14.3655639204172,0.6132603184814984
16425.0,21.3628047491801,13.8462899443472,0.6481494404370577
16427.0,21.4891470163533,13.8807477909394,0.6459422414661742
16446.0,27.3919417226596,14.9308384327784,0.545081417883825
16447.0,23.7489523738102,15.4342657910752,0.64989248991445
16453.0,24.6762476371962,14.6617922801492,0.594166199647327
16457.0,26.8340025763492,18.3299552958128,0.683086887379535
16460.0,24.2728649838105,16.9017392539619,0.6963223857272313
16470.0,25.3573190730654,17.0424722347613,0.6720928259669158
16487.0,26.4454732860813,16.0810051338419,0.6080815782678998
16493.0,24.1149053993662,15.6188682235938,0.6476852371979159
16524.0,20.5962089146535,19.928215122328,0.9675671481536467
16566.0,23.715403900537,13.1623860923205,0.5550142071171917
16573.0,20.8192096498849,12.5047761575964,0.6006364491202255
16583.0,24.8242228119343,12.9427942719831,0.5213776225759956
16620.0,23.1926300615513,15.2160659311263,0.6560733254807296
16640.0,24.7342563965535,16.8545671294465,0.6814260699502992
16701.0,20.4799109273541,15.8917516561466,0.7759678112135096
16711.0,27.5542314135199,17.2560337458219,0.6262571249711928
16726.0,21.7396289059439,16.0710999865308,0.7392536485356819
16728.0,23.5604656448313,12.7319248673571,0.5403936008433785
16737.0,22.2536048750827,14.9521529881449,0.6718980170662948
16800.0,25.7437148349492,15.7407338023658,0.611439875840936
16807.0,23.6548967473415,15.1110538694224,0.6388129287066402
16856.0,23.0272616059762,22.210630380762,0.9645363291915587
16880.0,22.5944584830026,13.9836118822672,0.6188956417250192
16883.0,23.8893414924454,13.4850707731907,0.5644806399312063
16920.0,26.637457463643,16.0710999865308,0.6033271008866354
16932.0,22.5944584830026,14.2989020112075,0.6328499539816059
16943.0,26.3731189144152,16.7408117207638,0.6347679914192285
16946.0,22.3393058528519,13.7886688456512,0.6172380169946462
16961.0,25.9899539631445,16.6645433891669,0.6411917240329992
16968.0,21.4669053540026,14.8345439521246,0.6910425004207061
16979.0,20.1032367391058,13.6493857914588,0.6789645850863083
16981.0,22.0739925363948,12.2993449154952,0.5571871466032474
16985.0,19.8722031641871,11.8375414903193,0.5956833971812673
16990.0,24.7921294270715,16.9111578889944,0.6821180059881602
16995.0,24.9202549802416,14.0970250283413,0.5656854249492366
16997.0,22.0234385856014,13.9265589642951,0.6323517061227705
16999.0,25.0540816309324,18.6656808960215,0.7450155695579909
17008.0,23.8893414924454,15.9617376893524,0.6681531047810602
17021.0,26.1852781121171,16.5302270898894,0.6312794165909632
17028.0,24.3514605429171,16.6836431586325,0.685118789044673
17035.0,27.2345322196459,15.9816774069199,0.5868166663568158
17040.0,22.5238726857601,12.7194119160614,0.5647080363805638
17063.0,22.3321766661846,14.9521529881449,0.6695340634119853
17078.0,22.6367043132521,12.1298704841306,0.5358496677022665
17081.0,26.7090957574071,17.7831953882468,0.6658104620900569
17086.0,20.4409978940476,11.7294338241193,0.5738190417570024
17107.0,22.9580065270107,14.8345439521246,0.6461599326871594
17131.0,28.4862241821001,17.4852075788774,0.613812749176656
17146.0,20.0238711045776,13.6959708613298,0.6839821725679607
17154.0,29.0124067464754,17.7831953882468,0.6129514019172921
17174.0,22.3535574050848,15.3929423814694,0.688612649097541
17184.0,30.400720742378,20.1190722962987,0.661795898419379
17185.0,20.8421425112343,13.1623860923205,0.6315274970040019
17197.0,22.1532013761034,14.7376203041502,0.665259167464962
17253.0,30.41119472055,16.6836431586325,0.54860203000702
17262.0,22.9580065270107,12.706886642796,0.553483884929034
17277.0,24.6051623188886,12.0243913468061,0.48869384363196655
17291.0,24.2990917499525,16.7312971921631,0.6885564845112291
17330.0,25.7684446339608,16.4916500779332,0.6399940047680833
17357.0,21.1530666641828,14.142135623731,0.6685619559681631
17359.0,21.6662583662329,14.0970250283413,0.6506441855374376
17360.0,22.4033664440297,13.1865594572076,0.5885972311416484
17366.0,27.2695906322117,17.8368401417414,0.6540926991647599
17375.0,22.5450716294509,14.1083161995775,0.6257827179021972
17385.0,25.9899539631445,16.71225188469,0.6430273754385674
17402.0,26.0511500779172,14.8130601697406,0.5686144421814682
17415.0,21.0474138690065,11.9179787111955,0.5662443274679647
17416.0,20.6887766121394,10.617855409789,0.5132181379714275
17434.0,24.0355363237317,14.7376203041502,0.6131596193923444
17444.0,25.7993235481359,14.0744155109376,0.5455342844426838
17458.0,25.2755514912081,12.9550914664644,0.5125542550860157
17466.0,23.1994948330681,13.4140339097709,0.578203706860496
17496.0,24.4753873511179,15.121587892221,0.6178283381296652
17524.0,23.835957422391,17.2098327693515,0.7220113907899895
17529.0,24.3776027517795,14.8559966660832,0.6094117135861012
17531.0,26.5116246585949,14.3987791414526,0.5431119113548784
17537.0,25.8116647703429,18.5114872237665,0.7171752534550131
17539.0,22.4175772709862,12.5429199457037,0.5595127338732223
17557.0,26.8458681540135,16.559100871003,0.6168212097297137
17579.0,27.8073444910389,18.485663234597,0.6647762874500341
17637.0,24.8562747591923,15.0582732196188,0.6058137579143865
17659.0,18.9954738155621,16.0810051338419,0.8465703614440765
17666.0,31.8535662293669,18.9954738155621,0.5963374298118469
17682.0,25.8917393313986,14.4208801201414,0.5569683803611205
17685.0,23.4656545332782,14.5527811599861,0.6201736729460428
17691.0,25.2377232562534,15.3515077373174,0.6082762530298214
17741.0,30.9920885733783,20.4643545932237,0.6603089864295963
17811.0,24.8178074551114,14.4319179174866,0.5815146218532793
17812.0,23.3772713396287,17.7831953882468,0.7607044949724765
17819.0,27.8645495391386,14.3655639204172,0.5155498351135841
17832.0,25.4012387480671,15.2474285187084,0.6002631867655922
17893.0,25.3635979685617,16.8923153673893,0.6660062735707847
17895.0,25.3196130015403,14.3987791414526,0.5686808538731086
17916.0,26.1852781121171,17.0050573219349,0.6494128971678135
17919.0,23.1994948330681,22.6999256431342,0.978466376378945
17920.0,27.7098248804365,16.4142240630606,0.5923611619303036
17922.0,23.6346932731239,14.9946912049302,0.6344356168134136
17961.0,20.9107901930275,13.4495992410638,0.643189430763283
17976.0,23.9824776799394,15.608669810346,0.650836415596966
17983.0,23.6616274052519,14.541835102657,0.6145745959734501
17990.0,24.1478988549373,17.1542273484866,0.7103817790333022
18022.0,24.7535624406505,15.2683011205661,0.61681227327071
18057.0,26.4032906654035,17.1263569363373,0.6486447902790442
18059.0,21.6147508019246,14.1083161995775,0.6527170416566301
18062.0,22.3393058528519,15.9517584838197,0.7140668823325704
18067.0,20.1507060773069,11.4963300707461,0.5705174809577968
18143.0,20.0715281440706,14.1758743650167,0.7062678169426997
18188.0,23.8693364576801,16.7312971921631,0.700953594660136
18190.0,23.1651506323973,16.5687142830586,0.7152431057317044
18191.0,25.0286460085061,17.0331262114455,0.6805452522544253
18227.0,29.1929666077817,12.9427942719831,0.44335316947654985
18237.0,24.4688805352775,15.5165824591046,0.6341353637627144
18245.0,22.210630380762,13.3187287318215,0.5996555929973817
18272.0,22.0234385856014,13.5674770359496,0.6160471709817293
18280.0,21.9437613553461,13.2106885889279,0.6020248021750115
18289.0,19.6303417818269,18.1991810552784,0.9270944570168708
18294.0,29.7708873311508,18.014502296584,0.6051046479133494
18301.0,23.6414296829153,15.2265273046076,0.6440611887195296
18306.0,24.0950876405886,16.6454217037078,0.6908222104022687
18325.0,24.2728649838105,13.1865594572076,0.5432634122919879
18333.0,22.9094034040874,14.0063679784962,0.6113807387929292
18345.0,22.9371892280098,17.7742388551235,0.7749091956488918
18354.0,22.1100317318794,14.8667114144405,0.6723966566273579
18382.0,22.8118864981635,13.2828129934554,0.582275954885395
18408.0,27.8359617101908,15.9017685191999,0.5712670783484456
18417.0,24.5013973343885,16.1993944999684,0.6611620667541287
18418.0,30.9149233231531,15.6188682235938,0.5052209918274767
18431.0,19.0457043320321,17.2190828816933,0.9040927330124154
18448.0,23.7958407755759,13.960818693713,0.5866915493922119
18457.0,20.2767476883076,19.3278782845115,0.9532040631770913
18489.0,21.3105637510727,12.3252110742769,0.5783615683867815
18498.0,28.058174325797,18.6656808960215,0.6652493023703279
18511.0,24.6891502512215,12.2344402676387,0.4955391393850584
18525.0,21.3925994704223,13.8922147468735,0.6493934861016337
18548.0,26.685237694801,19.0206056551953,0.7127763249754011
18613.0,25.6321354831538,16.3364310940829,0.6373417893651385
18616.0,22.8885419002275,13.960818693713,0.6099479274201488
18649.0,25.8917393313986,13.949408133005,0.5387590209549469
18651.0,26.1731130577499,15.2160659311263,0.581362480556007
18673.0,22.916353018506,13.9379882308591,0.6082114470659244
18678.0,20.9260146509548,13.0408471453167,0.6231882832368025
18714.0,25.8424920412962,16.3461754618412,0.6325309275792782
18728.0,21.9944984435526,15.3825941837408,0.6993837219438848
18763.0,24.1676733079752,14.8345439521246,0.6138176299838215
18784.0,21.0398469394544,14.4098338679497,0.6848830178953466
18792.0,23.553706079165,16.6645433891669,0.7075125813813192
18808.0,19.6141116494268,18.3473214345216,0.9354143466934828
18829.0,26.2884537876949,17.63934513567,0.6709921122834019
18845.0,22.7489763190979,15.320358213703,0.673452642387318
18850.0,22.650768747236,13.0164031741628,0.5746561328410167
18895.0,22.0739925363948,15.6900715087295,0.7107944556409665
18934.0,22.2177985689043,14.1758743650167,0.6380413577453637
18943.0,23.6481641737749,14.9946912049302,0.6340742179707488
18944.0,22.573305919324,14.2877614547743,0.6329494450586073
18946.0,20.6039387737789,19.5001224885913,0.9464269284961987
18987.0,26.2581500844951,14.8238059529237,0.564541138854898
18988.0,23.9891164282132,13.5204492444112,0.5636076378582258
19001.0,25.0858398914074,15.2160659311263,0.6065599556161653
19014.0,23.835957422391,15.2265273046076,0.6388049380514549
19016.0,19.1041396787775,18.9367031479783,0.9912355890600401
19020.0,23.172023544767,13.9265589642951,0.601007457867881
19032.0,21.5852627243446,15.1741483144875,0.7029865009413843
19038.0,18.7423020291083,13.7886688456512,0.7356977186813174
19052.0,23.5942344247312,14.5199182324732,0.6154011175396983
19059.0,24.4167635846573,15.1636508048848,0.6210344279375807
19071.0,22.4459719337559,17.4396137396599,0.7769596162344358
19089.0,21.7981475283747,13.0774274335687,0.5999329721273692
19099.0,23.8159075457833,17.5488399456913,0.7368537147684044
19107.0,29.7280669029024,18.0762715280748,0.6080540516514373
19127.0,26.0450369369019,18.4511750268814,0.7084334367266287
19131.0,23.5604656448313,13.9151203102383,0.5906131279409158
19135.0,25.0794914565616,15.423945317978,0.6150023155251261
19145.0,22.0595603723568,16.8356612714161,0.7631911510128346
19161.0,32.2114827015832,15.4754788572074,0.4804336081197149
19163.0,20.6193897986529,13.5792085357947,0.6585650045124931
19176.0,26.306619253726,17.6303155240542,0.6701855283649604
19182.0,24.0090216589329,16.4336147657025,0.6844766521166488
19199.0,27.8130702904388,15.2995566315178,0.5500851388124983
19251.0,22.9857335981383,18.3646711513388,0.7989595404005824
19252.0,24.8370485543617,14.9094934062353,0.6002924773288735
19269.0,29.2801099855231,17.3388852777553,0.592172819239003
19270.0,27.4093758657566,15.205597360275,0.5547589786337248
19277.0,21.1304712509358,14.9201697365731,0.7060973491498603
19281.0,20.7885931485404,15.309960955489,0.7364596943186574
19282.0,22.6367043132521,13.9836118822672,0.6177406255238683
19292.0,24.4037169561091,12.9304853825871,0.5298572101062723
19305.0,20.9943880884914,20.5497687001721,0.9788219886931102
19320.0,22.5026537713131,15.0688441392918,0.6696474243629837
19329.0,20.09531428097,19.0540632107896,0.9481843848958137
19383.0,21.5778844083798,14.0063679784962,0.6491075637172664
19391.0,20.9716217111947,14.9414995112041,0.7124627612002125
19430.0,24.1676733079752,16.6740960086898,0.6899338548732964
19438.0,30.0212239149292,17.5034118603086,0.5830345861283943
19445.0,20.6039387737789,14.3766441873329,0.6977619349960885
19457.0,22.6577976903834,19.0958027201965,0.8427916508541026
19474.0,25.2944443939267,16.8734518044228,0.6670813377689444
19485.0,22.8049050484214,19.2370396440699,0.8435483332740964
19487.0,22.5803589755559,13.0041639583165,0.5759059885803411
19520.0,24.0620217712424,16.6166979175024,0.6905777941470305
19522.0,23.9293013890534,15.4445793677631,0.6454254186805601
19563.0,23.9293013890534,15.9017685191999,0.6645312481405854
19605.0,26.7388883999736,16.3948104263879,0.6131448017264653
19674.0,22.5662506586674,13.0408471453167,0.5778916197719306
19687.0,24.2334716146246,9.9039977773888,0.40869083616611745
19694.0,26.3912261042685,13.4377545895006,0.5091750772173175
